DAM_X,DAM_Y,DAM_Z,filename,frame_id,pnt_id,x,y,Xc,Yc,FWHMx,FWHMy
-29,11,-19,data/raw/cool4B.01.15/testing_subset/cool4B.01.15.YJ2.ARC.Xn-029.Yp011.Zn-019191_0001.fits,0,0.0,657.0,3808.0,662.8965245250953,3792.7047079140343,2.778932052544502,2.7723193911537023
-29,11,-19,data/raw/cool4B.01.15/testing_subset/cool4B.01.15.YJ2.ARC.Xn-029.Yp011.Zn-019191_0001.fits,0,1.0,2326.0,3785.0,2322.759278135217,3777.402927694616,3.4600141810600333,3.1985238486231813
-29,11,-19,data/raw/cool4B.01.15/testing_subset/cool4B.01.15.YJ2.ARC.Xn-029.Yp011.Zn-019191_0001.fits,0,2.0,3530.0,3794.0,3529.994403520811,3785.6500293245995,4.792347459579531,4.595455899525896
-29,11,-19,data/raw/cool4B.01.15/testing_subset/cool4B.01.15.YJ2.ARC.Xn-029.Yp011.Zn-019191_0001.fits,0,3.0,699.0,2055.0,700.1898854295847,2053.0004308836233,3.667863004471842,2.723882463401855
-29,11,-19,data/raw/cool4B.01.15/testing_subset/cool4B.01.15.YJ2.ARC.Xn-029.Yp011.Zn-019191_0001.fits,0,4.0,2344.0,2046.0,2344.140947301588,2048.1417643579716,8.198823620035059,6.823620351049336
-29,11,-19,data/raw/cool4B.01.15/testing_subset/cool4B.01.15.YJ2.ARC.Xn-029.Yp011.Zn-019191_0001.fits,0,5.0,3544.0,2046.0,3538.4992117838533,2044.329279158154,3.8535975649934655,5.776895196412795
-29,11,-19,data/raw/cool4B.01.15/testing_subset/cool4B.01.15.YJ2.ARC.Xn-029.Yp011.Zn-019191_0001.fits,0,6.0,663.0,316.0,666.9486669704812,316.87207870767645,5.700574666934324,3.9227520789263335
-29,11,-19,data/raw/cool4B.01.15/testing_subset/cool4B.01.15.YJ2.ARC.Xn-029.Yp011.Zn-019191_0001.fits,0,7.0,2326.0,321.0,2325.5405891022233,322.0535512315576,8.537002082388605,7.499217118462892
-29,11,-19,data/raw/cool4B.01.15/testing_subset/cool4B.01.15.YJ2.ARC.Xn-029.Yp011.Zn-019191_0001.fits,0,8.0,3533.0,297.0,3530.9880405224703,305.2044406493052,3.0678885013730026,7.016983456781893
-28,12,-18,data/raw/cool4B.01.15/testing_subset/cool4B.01.15.YJ2.ARC.Xn-028.Yp012.Zn-018191_0001.fits,1,0.0,657.0,3808.0,663.0341618517426,3792.6174545415834,2.780689481828335,2.756899321593107
-28,12,-18,data/raw/cool4B.01.15/testing_subset/cool4B.01.15.YJ2.ARC.Xn-028.Yp012.Zn-018191_0001.fits,1,1.0,2326.0,3785.0,2322.6713437480494,3777.172006339669,3.8524577347022815,3.648509491797608
-28,12,-18,data/raw/cool4B.01.15/testing_subset/cool4B.01.15.YJ2.ARC.Xn-028.Yp012.Zn-018191_0001.fits,1,2.0,3530.0,3794.0,3529.6091451758666,3785.4864128646964,4.890191633618187,5.055143324547568
-28,12,-18,data/raw/cool4B.01.15/testing_subset/cool4B.01.15.YJ2.ARC.Xn-028.Yp012.Zn-018191_0001.fits,1,3.0,699.0,2055.0,700.3958556106153,2053.039641662104,4.099744530403115,2.9190703088403684
-28,12,-18,data/raw/cool4B.01.15/testing_subset/cool4B.01.15.YJ2.ARC.Xn-028.Yp012.Zn-018191_0001.fits,1,4.0,2344.0,2046.0,2344.0904136510685,2048.2003982441515,8.960560668355633,7.459854852644423
-28,12,-18,data/raw/cool4B.01.15/testing_subset/cool4B.01.15.YJ2.ARC.Xn-028.Yp012.Zn-018191_0001.fits,1,5.0,3544.0,2046.0,3538.0999175049833,2044.3960487311747,4.132621953283528,6.267512177991823
-28,12,-18,data/raw/cool4B.01.15/testing_subset/cool4B.01.15.YJ2.ARC.Xn-028.Yp012.Zn-018191_0001.fits,1,6.0,663.0,316.0,667.1912405212723,317.27820730237136,6.430227684203588,4.09091094142782
-28,12,-18,data/raw/cool4B.01.15/testing_subset/cool4B.01.15.YJ2.ARC.Xn-028.Yp012.Zn-018191_0001.fits,1,7.0,2326.0,321.0,2325.4967957688805,322.34068089459913,9.29357395943487,8.078260260016286
-28,12,-18,data/raw/cool4B.01.15/testing_subset/cool4B.01.15.YJ2.ARC.Xn-028.Yp012.Zn-018191_0001.fits,1,8.0,3533.0,297.0,3530.56591538145,305.5520940920654,3.2776948642824366,7.613162046817002
-27,13,-17,data/raw/cool4B.01.15/testing_subset/cool4B.01.15.YJ2.ARC.Xn-027.Yp013.Zn-017191_0001.fits,2,0.0,657.0,3808.0,663.1418930081563,3792.486271431324,2.904763172701322,2.749742286430488
-27,13,-17,data/raw/cool4B.01.15/testing_subset/cool4B.01.15.YJ2.ARC.Xn-027.Yp013.Zn-017191_0001.fits,2,1.0,2326.0,3785.0,2322.5667198159413,3776.9441915315024,4.427273570489108,4.190566413265127
-27,13,-17,data/raw/cool4B.01.15/testing_subset/cool4B.01.15.YJ2.ARC.Xn-027.Yp013.Zn-017191_0001.fits,2,2.0,3530.0,3794.0,3529.224641469056,3785.2728212879265,5.015047431928858,5.5105929830775695
-27,13,-17,data/raw/cool4B.01.15/testing_subset/cool4B.01.15.YJ2.ARC.Xn-027.Yp013.Zn-017191_0001.fits,2,3.0,699.0,2055.0,700.5889297649068,2053.0660247294654,4.699962524220488,3.227892742464178
-27,13,-17,data/raw/cool4B.01.15/testing_subset/cool4B.01.15.YJ2.ARC.Xn-027.Yp013.Zn-017191_0001.fits,2,4.0,2344.0,2046.0,2344.0167772305076,2048.1900606221725,9.550635258398144,8.124140074692859
-27,13,-17,data/raw/cool4B.01.15/testing_subset/cool4B.01.15.YJ2.ARC.Xn-027.Yp013.Zn-017191_0001.fits,2,5.0,3544.0,2046.0,3537.68700418837,2044.416999263074,4.47664892201623,6.887058933185444
-27,13,-17,data/raw/cool4B.01.15/testing_subset/cool4B.01.15.YJ2.ARC.Xn-027.Yp013.Zn-017191_0001.fits,2,6.0,663.0,316.0,667.4184973283101,317.687069834096,7.153318290529147,4.287049238356368
-27,13,-17,data/raw/cool4B.01.15/testing_subset/cool4B.01.15.YJ2.ARC.Xn-027.Yp013.Zn-017191_0001.fits,2,7.0,2326.0,321.0,2325.424368882905,322.56100084747817,10.035357222044585,8.733872401888398
-27,13,-17,data/raw/cool4B.01.15/testing_subset/cool4B.01.15.YJ2.ARC.Xn-027.Yp013.Zn-017191_0001.fits,2,8.0,3533.0,297.0,3530.1049210552906,305.8155036674092,3.46255892391289,8.25000629144354
-26,14,-16,data/raw/cool4B.01.15/testing_subset/cool4B.01.15.YJ2.ARC.Xn-026.Yp014.Zn-016191_0001.fits,3,0.0,657.0,3808.0,663.2401065402125,3792.383387809502,3.0796586449920342,2.7841147485246887
-26,14,-16,data/raw/cool4B.01.15/testing_subset/cool4B.01.15.YJ2.ARC.Xn-026.Yp014.Zn-016191_0001.fits,3,1.0,2326.0,3785.0,2322.4650016530522,3776.7512156997736,4.950911421035055,4.71401689206319
-26,14,-16,data/raw/cool4B.01.15/testing_subset/cool4B.01.15.YJ2.ARC.Xn-026.Yp014.Zn-016191_0001.fits,3,2.0,3530.0,3794.0,3528.7763751515504,3785.196480482448,4.66496032887283,5.973015963193299
-26,14,-16,data/raw/cool4B.01.15/testing_subset/cool4B.01.15.YJ2.ARC.Xn-026.Yp014.Zn-016191_0001.fits,3,3.0,699.0,2055.0,700.7849604504034,2053.1126839049966,5.3196204908016425,3.615482392908001
-26,14,-16,data/raw/cool4B.01.15/testing_subset/cool4B.01.15.YJ2.ARC.Xn-026.Yp014.Zn-016191_0001.fits,3,4.0,2344.0,2046.0,2344.0567489714845,2048.2363813923994,10.382839333282869,8.65196074192815
-26,14,-16,data/raw/cool4B.01.15/testing_subset/cool4B.01.15.YJ2.ARC.Xn-026.Yp014.Zn-016191_0001.fits,3,5.0,3544.0,2046.0,3538.6551835215596,2044.4188934060412,9.251990643534354,8.423884802308754
-26,14,-16,data/raw/cool4B.01.15/testing_subset/cool4B.01.15.YJ2.ARC.Xn-026.Yp014.Zn-016191_0001.fits,3,6.0,663.0,316.0,667.6405653738684,318.0540268120975,7.835415749626929,4.495514870127053
-26,14,-16,data/raw/cool4B.01.15/testing_subset/cool4B.01.15.YJ2.ARC.Xn-026.Yp014.Zn-016191_0001.fits,3,7.0,2326.0,321.0,2325.3947201354026,322.8195681644858,10.654618787106008,9.35027939272166
-26,14,-16,data/raw/cool4B.01.15/testing_subset/cool4B.01.15.YJ2.ARC.Xn-026.Yp014.Zn-016191_0001.fits,3,8.0,3533.0,297.0,3529.781278662876,305.95513931060157,3.7546953841105735,8.974271530483449
-25,15,-15,data/raw/cool4B.01.15/testing_subset/cool4B.01.15.YJ2.ARC.Xn-025.Yp015.Zn-015191_0001.fits,4,0.0,657.0,3808.0,663.3391871848637,3792.2443716492708,3.321541550882892,2.84325796315148
-25,15,-15,data/raw/cool4B.01.15/testing_subset/cool4B.01.15.YJ2.ARC.Xn-025.Yp015.Zn-015191_0001.fits,4,1.0,2326.0,3785.0,2322.3621783403655,3776.533470914742,5.631204548525965,5.248798428323911
-25,15,-15,data/raw/cool4B.01.15/testing_subset/cool4B.01.15.YJ2.ARC.Xn-025.Yp015.Zn-015191_0001.fits,4,2.0,3530.0,3794.0,3528.1455856244293,3785.1331487630328,4.036190159594198,6.39345854714482
-25,15,-15,data/raw/cool4B.01.15/testing_subset/cool4B.01.15.YJ2.ARC.Xn-025.Yp015.Zn-015191_0001.fits,4,3.0,699.0,2055.0,700.9609481208133,2053.1590667628243,6.067661790118526,4.128305537027369
-25,15,-15,data/raw/cool4B.01.15/testing_subset/cool4B.01.15.YJ2.ARC.Xn-025.Yp015.Zn-015191_0001.fits,4,4.0,2344.0,2046.0,2343.9689016352463,2048.2352178579004,11.19010355957934,9.349952096183618
-25,15,-15,data/raw/cool4B.01.15/testing_subset/cool4B.01.15.YJ2.ARC.Xn-025.Yp015.Zn-015191_0001.fits,4,5.0,3544.0,2046.0,3538.5228025732563,2044.4353308339441,10.431533797258878,9.067794550169964
-25,15,-15,data/raw/cool4B.01.15/testing_subset/cool4B.01.15.YJ2.ARC.Xn-025.Yp015.Zn-015191_0001.fits,4,6.0,663.0,316.0,667.9071633963501,318.4630050506011,8.604850710188229,4.87979257373792
-25,15,-15,data/raw/cool4B.01.15/testing_subset/cool4B.01.15.YJ2.ARC.Xn-025.Yp015.Zn-015191_0001.fits,4,7.0,2326.0,321.0,2325.3962621263627,323.0219296273722,11.66624875237072,10.148517760957771
-25,15,-15,data/raw/cool4B.01.15/testing_subset/cool4B.01.15.YJ2.ARC.Xn-025.Yp015.Zn-015191_0001.fits,4,8.0,3533.0,297.0,3531.134768600609,306.6944511437675,11.057154578023708,9.764608295609447
-24,16,-14,data/raw/cool4B.01.15/testing_subset/cool4B.01.15.YJ2.ARC.Xn-024.Yp016.Zn-014191_0001.fits,5,0.0,657.0,3808.0,663.4301163456362,3792.1082698403866,3.637559365737453,2.958824886813991
-24,16,-14,data/raw/cool4B.01.15/testing_subset/cool4B.01.15.YJ2.ARC.Xn-024.Yp016.Zn-014191_0001.fits,5,1.0,2326.0,3785.0,2322.252026117234,3776.354005961537,6.304350666007172,5.852367201696675
-24,16,-14,data/raw/cool4B.01.15/testing_subset/cool4B.01.15.YJ2.ARC.Xn-024.Yp016.Zn-014191_0001.fits,5,2.0,3530.0,3794.0,3527.7138899128695,3784.984128967347,3.872960933241159,6.856164694969933
-24,16,-14,data/raw/cool4B.01.15/testing_subset/cool4B.01.15.YJ2.ARC.Xn-024.Yp016.Zn-014191_0001.fits,5,3.0,699.0,2055.0,701.1265906464703,2053.2002271282704,6.811310144633402,4.678216856565077
-24,16,-14,data/raw/cool4B.01.15/testing_subset/cool4B.01.15.YJ2.ARC.Xn-024.Yp016.Zn-014191_0001.fits,5,4.0,2344.0,2046.0,2343.902893754551,2048.2704627074863,11.921269577538197,10.052649391653876
-24,16,-14,data/raw/cool4B.01.15/testing_subset/cool4B.01.15.YJ2.ARC.Xn-024.Yp016.Zn-014191_0001.fits,5,5.0,3544.0,2046.0,3538.384156185828,2044.4647432059878,11.313888763623696,9.716948657949638
-24,16,-14,data/raw/cool4B.01.15/testing_subset/cool4B.01.15.YJ2.ARC.Xn-024.Yp016.Zn-014191_0001.fits,5,6.0,663.0,316.0,668.1565720475361,318.855033485254,9.321194701423975,5.234448960048134
-24,16,-14,data/raw/cool4B.01.15/testing_subset/cool4B.01.15.YJ2.ARC.Xn-024.Yp016.Zn-014191_0001.fits,5,7.0,2326.0,321.0,2325.3715564564986,323.2544738361827,12.505428791682657,10.842604984640767
-24,16,-14,data/raw/cool4B.01.15/testing_subset/cool4B.01.15.YJ2.ARC.Xn-024.Yp016.Zn-014191_0001.fits,5,8.0,3533.0,297.0,3529.0468228063196,306.4372588570181,4.595906848717045,10.523432163726527
-23,17,-13,data/raw/cool4B.01.15/testing_subset/cool4B.01.15.YJ2.ARC.Xn-023.Yp017.Zn-013191_0001.fits,6,0.0,657.0,3808.0,663.5595949226438,3791.916306453981,4.007181132603193,3.146718893737875
-23,17,-13,data/raw/cool4B.01.15/testing_subset/cool4B.01.15.YJ2.ARC.Xn-023.Yp017.Zn-013191_0001.fits,6,1.0,2326.0,3785.0,2322.203636526233,3776.134032667845,7.120262270191611,6.49623013520803
-23,17,-13,data/raw/cool4B.01.15/testing_subset/cool4B.01.15.YJ2.ARC.Xn-023.Yp017.Zn-013191_0001.fits,6,2.0,3530.0,3794.0,3527.2095582014867,3784.8744042586254,3.66769273594918,7.305556488337085
-23,17,-13,data/raw/cool4B.01.15/testing_subset/cool4B.01.15.YJ2.ARC.Xn-023.Yp017.Zn-013191_0001.fits,6,3.0,699.0,2055.0,701.3149388548647,2053.237391801763,7.622011318392857,5.309069595852021
-23,17,-13,data/raw/cool4B.01.15/testing_subset/cool4B.01.15.YJ2.ARC.Xn-023.Yp017.Zn-013191_0001.fits,6,4.0,2344.0,2046.0,2343.745985310691,2048.3673628550036,12.382161806789394,10.421775103407484
-23,17,-13,data/raw/cool4B.01.15/testing_subset/cool4B.01.15.YJ2.ARC.Xn-023.Yp017.Zn-013191_0001.fits,6,5.0,3544.0,2046.0,3538.1604459762057,2044.555911998063,12.087387546187884,10.298829812971237
-23,17,-13,data/raw/cool4B.01.15/testing_subset/cool4B.01.15.YJ2.ARC.Xn-023.Yp017.Zn-013191_0001.fits,6,6.0,663.0,316.0,668.3826355118836,319.20822351237547,10.1640034695401,5.791318159330608
-23,17,-13,data/raw/cool4B.01.15/testing_subset/cool4B.01.15.YJ2.ARC.Xn-023.Yp017.Zn-013191_0001.fits,6,7.0,2326.0,321.0,2325.273434800036,323.49577217475024,13.17857075198917,11.408087728195596
-23,17,-13,data/raw/cool4B.01.15/testing_subset/cool4B.01.15.YJ2.ARC.Xn-023.Yp017.Zn-013191_0001.fits,6,8.0,3533.0,297.0,3528.631846685271,306.7469755310312,4.974319295146845,11.206102140652625
-22,18,-12,data/raw/cool4B.01.15/testing_subset/cool4B.01.15.YJ2.ARC.Xn-022.Yp018.Zn-012191_0001.fits,7,0.0,657.0,3808.0,663.7185032340857,3791.7243598348896,4.44567049862164,3.3612523491765764
-22,18,-12,data/raw/cool4B.01.15/testing_subset/cool4B.01.15.YJ2.ARC.Xn-022.Yp018.Zn-012191_0001.fits,7,1.0,2326.0,3785.0,2322.0563372712154,3776.021701120236,7.738620208276959,7.122333499633706
-22,18,-12,data/raw/cool4B.01.15/testing_subset/cool4B.01.15.YJ2.ARC.Xn-022.Yp018.Zn-012191_0001.fits,7,2.0,3530.0,3794.0,3526.862722512434,3784.7024625566,3.7697965619316185,7.838281065449864
-22,18,-12,data/raw/cool4B.01.15/testing_subset/cool4B.01.15.YJ2.ARC.Xn-022.Yp018.Zn-012191_0001.fits,7,3.0,699.0,2055.0,701.4367508835327,2053.2927457439228,8.309537673784664,5.890683832236687
-22,18,-12,data/raw/cool4B.01.15/testing_subset/cool4B.01.15.YJ2.ARC.Xn-022.Yp018.Zn-012191_0001.fits,7,4.0,2344.0,2046.0,2343.7339167245827,2048.3760850097515,13.023310119029317,11.042604487746681
-22,18,-12,data/raw/cool4B.01.15/testing_subset/cool4B.01.15.YJ2.ARC.Xn-022.Yp018.Zn-012191_0001.fits,7,5.0,3544.0,2046.0,3537.927131399165,2044.5465069419092,12.586916458249508,10.984754023642166
-22,18,-12,data/raw/cool4B.01.15/testing_subset/cool4B.01.15.YJ2.ARC.Xn-022.Yp018.Zn-012191_0001.fits,7,6.0,663.0,316.0,664.3656270864907,318.586969257661,3.4836314164882154,6.340552849692464
-22,18,-12,data/raw/cool4B.01.15/testing_subset/cool4B.01.15.YJ2.ARC.Xn-022.Yp018.Zn-012191_0001.fits,7,7.0,2326.0,321.0,2325.2504541102708,323.63413131647286,13.896725836655872,12.183569186103957
-22,18,-12,data/raw/cool4B.01.15/testing_subset/cool4B.01.15.YJ2.ARC.Xn-022.Yp018.Zn-012191_0001.fits,7,8.0,3533.0,297.0,3528.3778809400997,307.00451924178446,5.47414100339996,11.81197623121033
-21,19,-11,data/raw/cool4B.01.15/testing_subset/cool4B.01.15.YJ2.ARC.Xn-021.Yp019.Zn-011191_0001.fits,8,0.0,657.0,3808.0,663.927858361802,3791.4725672752465,4.9918313595514725,3.6644725819062414
-21,19,-11,data/raw/cool4B.01.15/testing_subset/cool4B.01.15.YJ2.ARC.Xn-021.Yp019.Zn-011191_0001.fits,8,1.0,2326.0,3785.0,2322.055122146929,3775.8425065113097,8.642475418512426,7.703206838174687
-21,19,-11,data/raw/cool4B.01.15/testing_subset/cool4B.01.15.YJ2.ARC.Xn-021.Yp019.Zn-011191_0001.fits,8,2.0,3530.0,3794.0,3526.5037548249597,3784.5556832042703,3.9513555194997774,8.445391799498317
-21,19,-11,data/raw/cool4B.01.15/testing_subset/cool4B.01.15.YJ2.ARC.Xn-021.Yp019.Zn-011191_0001.fits,8,3.0,699.0,2055.0,701.6293474595763,2053.3163669043124,9.13546695097064,6.551815073048026
-21,19,-11,data/raw/cool4B.01.15/testing_subset/cool4B.01.15.YJ2.ARC.Xn-021.Yp019.Zn-011191_0001.fits,8,4.0,2344.0,2046.0,2343.722463895485,2048.4357208512515,14.054603121125506,11.757153146001514
-21,19,-11,data/raw/cool4B.01.15/testing_subset/cool4B.01.15.YJ2.ARC.Xn-021.Yp019.Zn-011191_0001.fits,8,5.0,3544.0,2046.0,3537.7818578759898,2044.6182338263325,13.632986030385718,11.595801538861283
-21,19,-11,data/raw/cool4B.01.15/testing_subset/cool4B.01.15.YJ2.ARC.Xn-021.Yp019.Zn-011191_0001.fits,8,6.0,663.0,316.0,664.1928716706822,318.7306237445071,3.374400027943807,6.695742918395269
-21,19,-11,data/raw/cool4B.01.15/testing_subset/cool4B.01.15.YJ2.ARC.Xn-021.Yp019.Zn-011191_0001.fits,8,7.0,2326.0,321.0,2325.23350199093,324.0546998088659,14.419647496700417,12.31355829746647
-21,19,-11,data/raw/cool4B.01.15/testing_subset/cool4B.01.15.YJ2.ARC.Xn-021.Yp019.Zn-011191_0001.fits,8,8.0,3533.0,297.0,3530.385866284207,307.93537861851183,14.358750019173737,11.8098019020092
-20,20,-10,data/raw/cool4B.01.15/testing_subset/cool4B.01.15.YJ2.ARC.Xn-020.Yp020.Zn-010191_0001.fits,9,0.0,657.0,3808.0,664.1634338256371,3791.217317225169,5.6263719908932615,4.019453873756218
-20,20,-10,data/raw/cool4B.01.15/testing_subset/cool4B.01.15.YJ2.ARC.Xn-020.Yp020.Zn-010191_0001.fits,9,1.0,2326.0,3785.0,2322.044493894475,3775.692931744415,9.23685614884527,8.365767582029058
-20,20,-10,data/raw/cool4B.01.15/testing_subset/cool4B.01.15.YJ2.ARC.Xn-020.Yp020.Zn-010191_0001.fits,9,2.0,3530.0,3794.0,3526.0865898838188,3784.4313370999075,4.061473880252969,8.95058906722462
-20,20,-10,data/raw/cool4B.01.15/testing_subset/cool4B.01.15.YJ2.ARC.Xn-020.Yp020.Zn-010191_0001.fits,9,3.0,699.0,2055.0,701.8024256820245,2053.3795871954553,9.890419150120678,7.163948744436556
-20,20,-10,data/raw/cool4B.01.15/testing_subset/cool4B.01.15.YJ2.ARC.Xn-020.Yp020.Zn-010191_0001.fits,9,4.0,2344.0,2046.0,2343.719699472734,2048.4426524107935,14.537312576246752,12.279087916878016
-20,20,-10,data/raw/cool4B.01.15/testing_subset/cool4B.01.15.YJ2.ARC.Xn-020.Yp020.Zn-010191_0001.fits,9,5.0,3544.0,2046.0,3537.6085676316957,2044.6684684806605,14.3982465128918,12.1854452674379
-20,20,-10,data/raw/cool4B.01.15/testing_subset/cool4B.01.15.YJ2.ARC.Xn-020.Yp020.Zn-010191_0001.fits,9,6.0,663.0,316.0,669.0114870154184,319.9938619755509,12.60411241619277,8.222013452790712
-20,20,-10,data/raw/cool4B.01.15/testing_subset/cool4B.01.15.YJ2.ARC.Xn-020.Yp020.Zn-010191_0001.fits,9,7.0,2326.0,321.0,2325.2591168257413,324.1468188145768,15.505404638880828,13.29144860381886
-20,20,-10,data/raw/cool4B.01.15/testing_subset/cool4B.01.15.YJ2.ARC.Xn-020.Yp020.Zn-010191_0001.fits,9,8.0,3533.0,297.0,3527.667365608877,307.49095879144215,6.505391149692832,13.421892139381724
-19,21,-9,data/raw/cool4B.01.15/testing_subset/cool4B.01.15.YJ2.ARC.Xn-019.Yp021.Zn-009191_0001.fits,10,0.0,657.0,3808.0,664.4371920982567,3790.9050132377083,6.271755566595659,4.449389812802112
-19,21,-9,data/raw/cool4B.01.15/testing_subset/cool4B.01.15.YJ2.ARC.Xn-019.Yp021.Zn-009191_0001.fits,10,1.0,2326.0,3785.0,2321.9643037253995,3775.4529333625546,9.881217274885206,8.85250014159792
-19,21,-9,data/raw/cool4B.01.15/testing_subset/cool4B.01.15.YJ2.ARC.Xn-019.Yp021.Zn-009191_0001.fits,10,2.0,3530.0,3794.0,3525.7033115819263,3784.2463021185445,4.250813977244941,9.509479414642573
-19,21,-9,data/raw/cool4B.01.15/testing_subset/cool4B.01.15.YJ2.ARC.Xn-019.Yp021.Zn-009191_0001.fits,10,3.0,699.0,2055.0,701.9990317032767,2053.408301804958,10.739834488735545,7.79431485460333
-19,21,-9,data/raw/cool4B.01.15/testing_subset/cool4B.01.15.YJ2.ARC.Xn-019.Yp021.Zn-009191_0001.fits,10,4.0,2344.0,2046.0,2343.5678980834987,2048.5086629810785,15.359588236563638,12.909285556172467
-19,21,-9,data/raw/cool4B.01.15/testing_subset/cool4B.01.15.YJ2.ARC.Xn-019.Yp021.Zn-009191_0001.fits,10,5.0,3544.0,2046.0,3537.4966124442813,2044.771422197825,15.571160557132538,12.800026555923164
-19,21,-9,data/raw/cool4B.01.15/testing_subset/cool4B.01.15.YJ2.ARC.Xn-019.Yp021.Zn-009191_0001.fits,10,6.0,663.0,316.0,669.22759988613,320.250986312028,13.468318513590452,9.020317242223623
-19,21,-9,data/raw/cool4B.01.15/testing_subset/cool4B.01.15.YJ2.ARC.Xn-019.Yp021.Zn-009191_0001.fits,10,7.0,2326.0,321.0,2325.2123452371043,324.41676093567105,16.3007338828243,14.04313489870445
-19,21,-9,data/raw/cool4B.01.15/testing_subset/cool4B.01.15.YJ2.ARC.Xn-019.Yp021.Zn-009191_0001.fits,10,8.0,3533.0,297.0,3530.2803639257036,308.2361921607818,17.009783034559145,13.925491706083685
-18,22,-8,data/raw/cool4B.01.15/testing_subset/cool4B.01.15.YJ2.ARC.Xn-018.Yp022.Zn-008191_0001.fits,11,0.0,657.0,3808.0,664.6727727384608,3790.6505612075302,7.007767317749937,4.91096695561666
-18,22,-8,data/raw/cool4B.01.15/testing_subset/cool4B.01.15.YJ2.ARC.Xn-018.Yp022.Zn-008191_0001.fits,11,1.0,2326.0,3785.0,2321.883798681423,3775.3721479763517,10.648269288163165,9.532713723684056
-18,22,-8,data/raw/cool4B.01.15/testing_subset/cool4B.01.15.YJ2.ARC.Xn-018.Yp022.Zn-008191_0001.fits,11,2.0,3530.0,3794.0,3525.393525230883,3784.035067420544,4.581064653562766,10.221781813074927
-18,22,-8,data/raw/cool4B.01.15/testing_subset/cool4B.01.15.YJ2.ARC.Xn-018.Yp022.Zn-008191_0001.fits,11,3.0,699.0,2055.0,698.3252938038138,2053.619230774189,3.4008288462982295,7.446358440683238
-18,22,-8,data/raw/cool4B.01.15/testing_subset/cool4B.01.15.YJ2.ARC.Xn-018.Yp022.Zn-008191_0001.fits,11,4.0,2344.0,2046.0,2343.7279180761816,2048.563678035973,16.194284960557873,13.434765445146382
-18,22,-8,data/raw/cool4B.01.15/testing_subset/cool4B.01.15.YJ2.ARC.Xn-018.Yp022.Zn-008191_0001.fits,11,5.0,3544.0,2046.0,3537.3659081041446,2044.771839240911,16.21618001002742,13.430383387076878
-18,22,-8,data/raw/cool4B.01.15/testing_subset/cool4B.01.15.YJ2.ARC.Xn-018.Yp022.Zn-008191_0001.fits,11,6.0,663.0,316.0,669.4263985093902,320.5149066365025,14.232603088861998,9.735672300304495
-18,22,-8,data/raw/cool4B.01.15/testing_subset/cool4B.01.15.YJ2.ARC.Xn-018.Yp022.Zn-008191_0001.fits,11,7.0,2326.0,321.0,2325.1209892973206,324.69602105584994,17.005987546757225,14.64735538809734
-18,22,-8,data/raw/cool4B.01.15/testing_subset/cool4B.01.15.YJ2.ARC.Xn-018.Yp022.Zn-008191_0001.fits,11,8.0,3533.0,297.0,3530.1789831411097,308.4439871301472,17.70312207663445,14.87010315522044
-17,23,-7,data/raw/cool4B.01.15/testing_subset/cool4B.01.15.YJ2.ARC.Xn-017.Yp023.Zn-007191_0001.fits,12,0.0,657.0,3808.0,664.958973845471,3790.3465968859596,7.721993446885961,5.447786547775841
-17,23,-7,data/raw/cool4B.01.15/testing_subset/cool4B.01.15.YJ2.ARC.Xn-017.Yp023.Zn-007191_0001.fits,12,1.0,2326.0,3785.0,2321.7541239816937,3775.2608588919543,11.477132377871671,10.25900071208816
-17,23,-7,data/raw/cool4B.01.15/testing_subset/cool4B.01.15.YJ2.ARC.Xn-017.Yp023.Zn-007191_0001.fits,12,2.0,3530.0,3794.0,3525.0019425363507,3783.867439317925,4.916933937354071,10.979406150147137
-17,23,-7,data/raw/cool4B.01.15/testing_subset/cool4B.01.15.YJ2.ARC.Xn-017.Yp023.Zn-007191_0001.fits,12,3.0,699.0,2055.0,698.1368739067885,2053.6633365357375,3.2172778982118113,7.799065852158153
-17,23,-7,data/raw/cool4B.01.15/testing_subset/cool4B.01.15.YJ2.ARC.Xn-017.Yp023.Zn-007191_0001.fits,12,4.0,2344.0,2046.0,2343.468776598934,2048.589855267824,16.70353904580761,14.017732422865551
-17,23,-7,data/raw/cool4B.01.15/testing_subset/cool4B.01.15.YJ2.ARC.Xn-017.Yp023.Zn-007191_0001.fits,12,5.0,3544.0,2046.0,3537.1358171329334,2044.849880083661,17.08260392605793,13.864091347809879
-17,23,-7,data/raw/cool4B.01.15/testing_subset/cool4B.01.15.YJ2.ARC.Xn-017.Yp023.Zn-007191_0001.fits,12,6.0,663.0,316.0,669.6136614541122,320.71233703015815,15.047482669907776,10.629957771288497
-17,23,-7,data/raw/cool4B.01.15/testing_subset/cool4B.01.15.YJ2.ARC.Xn-017.Yp023.Zn-007191_0001.fits,12,7.0,2326.0,321.0,2325.1744654362624,324.9841447654308,17.542464497796512,15.083974995101192
-17,23,-7,data/raw/cool4B.01.15/testing_subset/cool4B.01.15.YJ2.ARC.Xn-017.Yp023.Zn-007191_0001.fits,12,8.0,3533.0,297.0,3526.6945272656603,308.1646020033861,7.857693518766619,15.555357020530383
-16,24,-6,data/raw/cool4B.01.15/testing_subset/cool4B.01.15.YJ2.ARC.Xn-016.Yp024.Zn-006191_0001.fits,13,0.0,657.0,3808.0,665.2008088357518,3790.1120470495525,8.431623387145581,6.002607546350145
-16,24,-6,data/raw/cool4B.01.15/testing_subset/cool4B.01.15.YJ2.ARC.Xn-016.Yp024.Zn-006191_0001.fits,13,1.0,2326.0,3785.0,2321.8015414215083,3775.050745550025,12.272466271798795,10.840108342403441
-16,24,-6,data/raw/cool4B.01.15/testing_subset/cool4B.01.15.YJ2.ARC.Xn-016.Yp024.Zn-006191_0001.fits,13,2.0,3530.0,3794.0,3524.6760103958677,3783.7143999176337,5.2535626966006905,11.610388210365688
-16,24,-6,data/raw/cool4B.01.15/testing_subset/cool4B.01.15.YJ2.ARC.Xn-016.Yp024.Zn-006191_0001.fits,13,3.0,699.0,2055.0,702.5609835437846,2053.5101191676567,12.956436959649976,9.615026425185059
-16,24,-6,data/raw/cool4B.01.15/testing_subset/cool4B.01.15.YJ2.ARC.Xn-016.Yp024.Zn-006191_0001.fits,13,4.0,2344.0,2046.0,2343.4514406830717,2048.6892439527514,17.546548278573457,14.216147540566693
-16,24,-6,data/raw/cool4B.01.15/testing_subset/cool4B.01.15.YJ2.ARC.Xn-016.Yp024.Zn-006191_0001.fits,13,5.0,3544.0,2046.0,3537.0109138771995,2044.8532686429676,17.739732763545046,14.61709460443429
-16,24,-6,data/raw/cool4B.01.15/testing_subset/cool4B.01.15.YJ2.ARC.Xn-016.Yp024.Zn-006191_0001.fits,13,6.0,663.0,316.0,669.7625271715746,320.9466677989231,15.820771069136896,11.385086833433393
-16,24,-6,data/raw/cool4B.01.15/testing_subset/cool4B.01.15.YJ2.ARC.Xn-016.Yp024.Zn-006191_0001.fits,13,7.0,2326.0,321.0,2325.2058156834123,325.19184815263225,18.496259738246696,15.761750230440875
-16,24,-6,data/raw/cool4B.01.15/testing_subset/cool4B.01.15.YJ2.ARC.Xn-016.Yp024.Zn-006191_0001.fits,13,8.0,3533.0,297.0,3526.4441832668053,308.4519294060426,8.993591498317201,16.42991461368648
-15,25,-5,data/raw/cool4B.01.15/testing_subset/cool4B.01.15.YJ2.ARC.Xn-015.Yp025.Zn-005191_0001.fits,14,0.0,657.0,3808.0,665.418300923749,3789.8614267910957,9.231294603003773,6.650350478868937
-15,25,-5,data/raw/cool4B.01.15/testing_subset/cool4B.01.15.YJ2.ARC.Xn-015.Yp025.Zn-005191_0001.fits,14,1.0,2326.0,3785.0,2321.6706987570283,3774.8669797171424,12.864259006968325,11.383982361018882
-15,25,-5,data/raw/cool4B.01.15/testing_subset/cool4B.01.15.YJ2.ARC.Xn-015.Yp025.Zn-005191_0001.fits,14,2.0,3530.0,3794.0,3524.3398582504237,3783.5053202220884,5.685099944293392,12.335473991566818
-15,25,-5,data/raw/cool4B.01.15/testing_subset/cool4B.01.15.YJ2.ARC.Xn-015.Yp025.Zn-005191_0001.fits,14,3.0,699.0,2055.0,702.7227862029695,2053.521528452519,13.735795844723723,10.246578028352841
-15,25,-5,data/raw/cool4B.01.15/testing_subset/cool4B.01.15.YJ2.ARC.Xn-015.Yp025.Zn-005191_0001.fits,14,4.0,2344.0,2046.0,2343.4433200268463,2048.71669155675,18.245529968478643,15.119602176279288
-15,25,-5,data/raw/cool4B.01.15/testing_subset/cool4B.01.15.YJ2.ARC.Xn-015.Yp025.Zn-005191_0001.fits,14,5.0,3544.0,2046.0,3536.836075029169,2045.0953942317738,18.66510883220996,15.090607588088206
-15,25,-5,data/raw/cool4B.01.15/testing_subset/cool4B.01.15.YJ2.ARC.Xn-015.Yp025.Zn-005191_0001.fits,14,6.0,663.0,316.0,669.9558307219078,321.1958403883188,16.625128918661222,12.101515109921179
-15,25,-5,data/raw/cool4B.01.15/testing_subset/cool4B.01.15.YJ2.ARC.Xn-015.Yp025.Zn-005191_0001.fits,14,7.0,2326.0,321.0,2325.2409336882038,325.46640737783855,19.415996585174664,16.339444611190206
-15,25,-5,data/raw/cool4B.01.15/testing_subset/cool4B.01.15.YJ2.ARC.Xn-015.Yp025.Zn-005191_0001.fits,14,8.0,3533.0,297.0,3529.4629687944175,309.24478405409553,20.0,16.5215138462709
-14,26,-4,data/raw/cool4B.01.15/testing_subset/cool4B.01.15.YJ2.ARC.Xn-014.Yp026.Zn-004191_0001.fits,15,0.0,657.0,3808.0,665.597730696994,3789.6921274279944,10.033593280307308,7.263832760352928
-14,26,-4,data/raw/cool4B.01.15/testing_subset/cool4B.01.15.YJ2.ARC.Xn-014.Yp026.Zn-004191_0001.fits,15,1.0,2326.0,3785.0,2321.5040387381405,3774.789167172494,13.643852416113546,12.140152690240795
-14,26,-4,data/raw/cool4B.01.15/testing_subset/cool4B.01.15.YJ2.ARC.Xn-014.Yp026.Zn-004191_0001.fits,15,2.0,3530.0,3794.0,3524.015231785948,3783.4443065579735,6.135597065184272,12.892784920409293
-14,26,-4,data/raw/cool4B.01.15/testing_subset/cool4B.01.15.YJ2.ARC.Xn-014.Yp026.Zn-004191_0001.fits,15,3.0,699.0,2055.0,702.932804319942,2053.606311239317,14.454349243121246,10.839436680875739
-14,26,-4,data/raw/cool4B.01.15/testing_subset/cool4B.01.15.YJ2.ARC.Xn-014.Yp026.Zn-004191_0001.fits,15,4.0,2344.0,2046.0,2343.43430981113,2048.7477279639406,19.015209279645344,15.604578432790928
-14,26,-4,data/raw/cool4B.01.15/testing_subset/cool4B.01.15.YJ2.ARC.Xn-014.Yp026.Zn-004191_0001.fits,15,5.0,3544.0,2046.0,3536.6638449130164,2045.0242876782381,19.255031538381093,15.636976005875356
-14,26,-4,data/raw/cool4B.01.15/testing_subset/cool4B.01.15.YJ2.ARC.Xn-014.Yp026.Zn-004191_0001.fits,15,6.0,663.0,316.0,670.1333987577617,321.45021599910746,17.32212155295389,12.831842145091107
-14,26,-4,data/raw/cool4B.01.15/testing_subset/cool4B.01.15.YJ2.ARC.Xn-014.Yp026.Zn-004191_0001.fits,15,7.0,2326.0,321.0,2325.072268844275,325.6462664085348,19.733490097825413,16.830534739310263
-14,26,-4,data/raw/cool4B.01.15/testing_subset/cool4B.01.15.YJ2.ARC.Xn-014.Yp026.Zn-004191_0001.fits,15,8.0,3533.0,297.0,3529.385937370211,309.58527269106855,20.0,16.739197551378844
-13,27,-3,data/raw/cool4B.01.15/testing_subset/cool4B.01.15.YJ2.ARC.Xn-013.Yp027.Zn-003191_0001.fits,16,0.0,657.0,3808.0,665.8829010748432,3789.424918847459,10.875356350711792,8.015167740303797
-13,27,-3,data/raw/cool4B.01.15/testing_subset/cool4B.01.15.YJ2.ARC.Xn-013.Yp027.Zn-003191_0001.fits,16,1.0,2326.0,3785.0,2321.637926173793,3774.5224709033546,14.514256941393706,12.553717957692703
-13,27,-3,data/raw/cool4B.01.15/testing_subset/cool4B.01.15.YJ2.ARC.Xn-013.Yp027.Zn-003191_0001.fits,16,2.0,3530.0,3794.0,3523.618104522609,3783.314918618587,6.609401273531034,13.71569471025273
-13,27,-3,data/raw/cool4B.01.15/testing_subset/cool4B.01.15.YJ2.ARC.Xn-013.Yp027.Zn-003191_0001.fits,16,3.0,699.0,2055.0,697.5484796799386,2053.71745129124,3.269950469328429,9.37654366333873
-13,27,-3,data/raw/cool4B.01.15/testing_subset/cool4B.01.15.YJ2.ARC.Xn-013.Yp027.Zn-003191_0001.fits,16,4.0,2344.0,2046.0,2343.3285433778833,2048.8289783200553,19.494077067081317,16.164812138381002
-13,27,-3,data/raw/cool4B.01.15/testing_subset/cool4B.01.15.YJ2.ARC.Xn-013.Yp027.Zn-003191_0001.fits,16,5.0,3544.0,2046.0,3536.349013613169,2045.088485763475,20.0,16.254609692799843
-13,27,-3,data/raw/cool4B.01.15/testing_subset/cool4B.01.15.YJ2.ARC.Xn-013.Yp027.Zn-003191_0001.fits,16,6.0,663.0,316.0,670.2851804802609,321.6653257453153,18.294695709676255,13.731768592897293
-13,27,-3,data/raw/cool4B.01.15/testing_subset/cool4B.01.15.YJ2.ARC.Xn-013.Yp027.Zn-003191_0001.fits,16,7.0,2326.0,321.0,2324.8897429770277,326.04517449572313,20.0,17.59291798258128
-13,27,-3,data/raw/cool4B.01.15/testing_subset/cool4B.01.15.YJ2.ARC.Xn-013.Yp027.Zn-003191_0001.fits,16,8.0,3533.0,297.0,3529.33057661327,309.8943315910779,20.0,17.635493711225497
-12,28,-2,data/raw/cool4B.01.15/testing_subset/cool4B.01.15.YJ2.ARC.Xn-012.Yp028.Zn-002191_0001.fits,17,0.0,657.0,3808.0,666.0217853901157,3789.2807728789544,11.618672691113533,8.630500731870283
-12,28,-2,data/raw/cool4B.01.15/testing_subset/cool4B.01.15.YJ2.ARC.Xn-012.Yp028.Zn-002191_0001.fits,17,1.0,2326.0,3785.0,2321.607323831801,3774.417440221002,15.38947942200082,13.27799038750723
-12,28,-2,data/raw/cool4B.01.15/testing_subset/cool4B.01.15.YJ2.ARC.Xn-012.Yp028.Zn-002191_0001.fits,17,2.0,3530.0,3794.0,3523.460412632997,3783.0806539603336,7.596485778073125,14.678748761642625
-12,28,-2,data/raw/cool4B.01.15/testing_subset/cool4B.01.15.YJ2.ARC.Xn-012.Yp028.Zn-002191_0001.fits,17,3.0,699.0,2055.0,697.398596416002,2053.8021461454446,3.357308912080209,9.725159496432193
-12,28,-2,data/raw/cool4B.01.15/testing_subset/cool4B.01.15.YJ2.ARC.Xn-012.Yp028.Zn-002191_0001.fits,17,4.0,2344.0,2046.0,2343.365031555272,2048.8027849592054,20.0,16.825652215403874
-12,28,-2,data/raw/cool4B.01.15/testing_subset/cool4B.01.15.YJ2.ARC.Xn-012.Yp028.Zn-002191_0001.fits,17,5.0,3544.0,2046.0,3536.201715406739,2045.2236000038943,20.0,16.56463557813363
-12,28,-2,data/raw/cool4B.01.15/testing_subset/cool4B.01.15.YJ2.ARC.Xn-012.Yp028.Zn-002191_0001.fits,17,6.0,663.0,316.0,670.495008684195,321.948389272303,18.979003524063224,14.219020246695463
-12,28,-2,data/raw/cool4B.01.15/testing_subset/cool4B.01.15.YJ2.ARC.Xn-012.Yp028.Zn-002191_0001.fits,17,7.0,2326.0,321.0,2324.9709993119673,326.2151456033697,20.0,18.080879862730185
-12,28,-2,data/raw/cool4B.01.15/testing_subset/cool4B.01.15.YJ2.ARC.Xn-012.Yp028.Zn-002191_0001.fits,17,8.0,3533.0,297.0,3528.785002612558,310.23799783369424,20.0,17.881327087629515
-11,29,-1,data/raw/cool4B.01.15/testing_subset/cool4B.01.15.YJ2.ARC.Xn-011.Yp029.Zn-001191_0001.fits,18,0.0,657.0,3808.0,669.3669834589923,3788.4638571062133,3.9255823016668576,8.197205203013405
-11,29,-1,data/raw/cool4B.01.15/testing_subset/cool4B.01.15.YJ2.ARC.Xn-011.Yp029.Zn-001191_0001.fits,18,1.0,2326.0,3785.0,2321.5247317726644,3774.122849176122,16.311963934179104,13.562784901022944
-11,29,-1,data/raw/cool4B.01.15/testing_subset/cool4B.01.15.YJ2.ARC.Xn-011.Yp029.Zn-001191_0001.fits,18,2.0,3530.0,3794.0,3523.0470539371295,3782.8953780712513,7.716001767274185,15.224372560178065
-11,29,-1,data/raw/cool4B.01.15/testing_subset/cool4B.01.15.YJ2.ARC.Xn-011.Yp029.Zn-001191_0001.fits,18,3.0,699.0,2055.0,697.2524474977251,2053.7484221158725,3.3844098318873255,10.209732495484419
-11,29,-1,data/raw/cool4B.01.15/testing_subset/cool4B.01.15.YJ2.ARC.Xn-011.Yp029.Zn-001191_0001.fits,18,4.0,2344.0,2046.0,2343.246304505423,2048.870642957265,20.0,17.457852879855597
-11,29,-1,data/raw/cool4B.01.15/testing_subset/cool4B.01.15.YJ2.ARC.Xn-011.Yp029.Zn-001191_0001.fits,18,5.0,3544.0,2046.0,3535.9929980861384,2045.1844077744909,20.0,17.486605641821317
-11,29,-1,data/raw/cool4B.01.15/testing_subset/cool4B.01.15.YJ2.ARC.Xn-011.Yp029.Zn-001191_0001.fits,18,6.0,663.0,316.0,670.7108512372911,322.19368818056597,19.82053572090824,15.031823981605259
-11,29,-1,data/raw/cool4B.01.15/testing_subset/cool4B.01.15.YJ2.ARC.Xn-011.Yp029.Zn-001191_0001.fits,18,7.0,2326.0,321.0,2324.850823230885,326.5420506902924,20.0,18.36986504256927
-11,29,-1,data/raw/cool4B.01.15/testing_subset/cool4B.01.15.YJ2.ARC.Xn-011.Yp029.Zn-001191_0001.fits,18,8.0,3533.0,297.0,3528.6951975969973,310.5459953912813,20.0,18.489508080981086
-10,30,0,data/raw/cool4B.01.15/testing_subset/cool4B.01.15.YJ2.ARC.Xn-010.Yp030.Zp000191_0001.fits,19,0.0,657.0,3808.0,666.423630449825,3788.866023099343,13.232193163840625,9.986315733612273
-10,30,0,data/raw/cool4B.01.15/testing_subset/cool4B.01.15.YJ2.ARC.Xn-010.Yp030.Zp000191_0001.fits,19,1.0,2326.0,3785.0,2321.3943749534715,3774.230097378857,16.757965757014933,14.55808881249865
-10,30,0,data/raw/cool4B.01.15/testing_subset/cool4B.01.15.YJ2.ARC.Xn-010.Yp030.Zp000191_0001.fits,19,2.0,3530.0,3794.0,3522.8332247488106,3782.779356055016,8.239387412955093,15.856213017478764
-10,30,0,data/raw/cool4B.01.15/testing_subset/cool4B.01.15.YJ2.ARC.Xn-010.Yp030.Zp000191_0001.fits,19,3.0,699.0,2055.0,697.1168528139209,2053.8555112169824,3.5005206931639528,10.57201459479075
-10,30,0,data/raw/cool4B.01.15/testing_subset/cool4B.01.15.YJ2.ARC.Xn-010.Yp030.Zp000191_0001.fits,19,4.0,2344.0,2046.0,2343.207195990373,2048.8640387571677,20.0,18.2002067188955
-10,30,0,data/raw/cool4B.01.15/testing_subset/cool4B.01.15.YJ2.ARC.Xn-010.Yp030.Zp000191_0001.fits,19,5.0,3544.0,2046.0,3535.9689905971954,2045.264125883215,20.0,18.440831795229144
-10,30,0,data/raw/cool4B.01.15/testing_subset/cool4B.01.15.YJ2.ARC.Xn-010.Yp030.Zp000191_0001.fits,19,6.0,663.0,316.0,670.8059570259669,322.4481721135347,20.0,15.751296592884156
-10,30,0,data/raw/cool4B.01.15/testing_subset/cool4B.01.15.YJ2.ARC.Xn-010.Yp030.Zp000191_0001.fits,19,7.0,2326.0,321.0,2325.2643057418204,326.6621713758186,20.0,19.43184513678785
-10,30,0,data/raw/cool4B.01.15/testing_subset/cool4B.01.15.YJ2.ARC.Xn-010.Yp030.Zp000191_0001.fits,19,8.0,3533.0,297.0,3528.6658435542313,310.5496940288892,20.0,20.0
